-- phpMyAdmin SQL Dump
-- version 4.5.2
-- http://www.phpmyadmin.net
--
-- Client :  localhost
-- Généré le :  Jeu 09 Mars 2017 à 15:32
-- Version du serveur :  10.1.16-MariaDB
-- Version de PHP :  7.0.9

SET SQL_MODE = "NO_AUTO_VALUE_ON_ZERO";
SET time_zone = "+00:00";


/*!40101 SET @OLD_CHARACTER_SET_CLIENT=@@CHARACTER_SET_CLIENT */;
/*!40101 SET @OLD_CHARACTER_SET_RESULTS=@@CHARACTER_SET_RESULTS */;
/*!40101 SET @OLD_COLLATION_CONNECTION=@@COLLATION_CONNECTION */;
/*!40101 SET NAMES utf8mb4 */;

--
-- Base de données :  `tub`
--

-- --------------------------------------------------------

--
-- Structure de la table `hours`
--

CREATE TABLE `hours` (
  `id` int(11) NOT NULL,
  `id_stop` int(11) DEFAULT NULL,
  `id_line` int(11) DEFAULT NULL,
  `hour` varchar(45) DEFAULT NULL,
  `direction` tinyint(1) DEFAULT NULL,
  `idStartStop` int(11) DEFAULT NULL,
  `idEndStop` int(11) DEFAULT NULL
) ENGINE=InnoDB DEFAULT CHARSET=latin1;

--
-- Contenu de la table `hours`
--

INSERT INTO `hours` (`id`, `id_stop`, `id_line`, `hour`, `direction`, `idStartStop`, `idEndStop`) VALUES
(1, 147, 21, '08:14', 0, 147, 115),
(2, 147, 21, '10:33', 0, 147, 115),
(3, 147, 21, '11:33', 0, 147, 115),
(4, 147, 21, '12:33', 0, 147, 115),
(5, 147, 21, '13:33', 0, 147, 115),
(6, 147, 21, '14:18', 0, 147, 115),
(7, 147, 21, '15:33', 0, 147, 115),
(8, 146, 21, '08:14', 0, 147, 115),
(9, 146, 21, '10:33', 0, 147, 115),
(10, 146, 21, '11:33', 0, 147, 115),
(11, 146, 21, '12:33', 0, 147, 115),
(12, 146, 21, '13:33', 0, 147, 115),
(13, 146, 21, '14:18', 0, 147, 115),
(14, 146, 21, '15:33', 0, 147, 115),
(15, 103, 21, '08:16', 0, 147, 115),
(16, 103, 21, '10:35', 0, 147, 115),
(17, 103, 21, '11:35', 0, 147, 115),
(18, 103, 21, '12:35', 0, 147, 115),
(19, 103, 21, '13:35', 0, 147, 115),
(20, 103, 21, '14:20', 0, 147, 115),
(21, 103, 21, '15:35', 0, 147, 115),
(22, 58, 21, '08:17', 0, 147, 115),
(23, 58, 21, '10:36', 0, 147, 115),
(24, 58, 21, '11:36', 0, 147, 115),
(25, 58, 21, '12:36', 0, 147, 115),
(26, 58, 21, '13:36', 0, 147, 115),
(27, 58, 21, '14:21', 0, 147, 115),
(28, 58, 21, '15:36', 0, 147, 115),
(29, 145, 21, '08:18', 0, 147, 115),
(30, 145, 21, '10:37', 0, 147, 115),
(31, 145, 21, '14:37', 0, 147, 115),
(32, 145, 21, '12:37', 0, 147, 115),
(33, 145, 21, '13:37', 0, 147, 115),
(34, 145, 21, '14:22', 0, 147, 115),
(35, 145, 21, '15:37', 0, 147, 115),
(36, 8, 21, '08:19', 0, 147, 115),
(37, 8, 21, '10:38', 0, 147, 115),
(38, 8, 21, '11:38', 0, 147, 115),
(39, 8, 21, '12:38', 0, 147, 115),
(40, 8, 21, '13:38', 0, 147, 115),
(41, 8, 21, '14:23', 0, 147, 115),
(42, 8, 21, '15:38', 0, 147, 115),
(43, 166, 21, '08:20', 0, 147, 115),
(44, 166, 21, '10:39', 0, 147, 115),
(45, 166, 21, '11:39', 0, 147, 115),
(46, 166, 21, '12:39', 0, 147, 115),
(47, 166, 21, '13:39', 0, 147, 115),
(48, 166, 21, '14:24', 0, 147, 115),
(49, 166, 21, '15:39', 0, 147, 115),
(50, 115, 21, '08:21', 0, 147, 115),
(51, 115, 21, '10:40', 0, 147, 115),
(52, 115, 21, '11:40', 0, 147, 115),
(53, 115, 21, '12:40', 0, 147, 115),
(54, 115, 21, '13:40', 0, 147, 115),
(55, 115, 21, '14:25', 0, 147, 115),
(56, 115, 21, '15:40', 0, 147, 115),
(57, 115, 21, '11:15', 1, 115, 147),
(58, 115, 21, '12:15', 1, 115, 147),
(59, 115, 21, '13:15', 1, 115, 147),
(60, 115, 21, '13:48', 1, 115, 147),
(61, 115, 21, '15:15', 1, 115, 147),
(62, 115, 21, '17:03', 1, 115, 147),
(63, 166, 21, '11:17', 1, 115, 147),
(64, 166, 21, '12:17', 1, 115, 147),
(65, 166, 21, '13:17', 1, 115, 147),
(66, 166, 21, '13:50', 1, 115, 147),
(67, 166, 21, '15:17', 1, 115, 147),
(68, 166, 21, '17:05', 1, 115, 147),
(69, 145, 21, '11:20', 1, 115, 147),
(70, 145, 21, '12:20', 1, 115, 147),
(71, 145, 21, '13:20', 1, 115, 147),
(72, 145, 21, '13:53', 1, 115, 147),
(73, 145, 21, '15:20', 1, 115, 147),
(74, 145, 21, '17:08', 1, 115, 147),
(75, 58, 21, '11:22', 1, 115, 147),
(76, 58, 21, '12:22', 1, 115, 147),
(77, 58, 21, '13:22', 1, 115, 147),
(78, 58, 21, '13:55', 1, 115, 147),
(79, 58, 21, '15:22', 1, 115, 147),
(80, 58, 21, '17:10', 1, 115, 147),
(81, 103, 21, '11:23', 1, 115, 147),
(82, 103, 21, '12:23', 1, 115, 147),
(83, 103, 21, '13:23', 1, 115, 147),
(84, 103, 21, '13:56', 1, 115, 147),
(85, 103, 21, '15:23', 1, 115, 147),
(86, 103, 21, '17:11', 1, 115, 147),
(87, 146, 21, '11:25', 1, 115, 147),
(88, 146, 21, '12:25', 1, 115, 147),
(89, 146, 21, '13:25', 1, 115, 147),
(90, 146, 21, '13:58', 1, 115, 147),
(91, 146, 21, '15:25', 1, 115, 147),
(92, 146, 21, '17:13', 1, 115, 147),
(93, 147, 21, '11:27', 1, 115, 147),
(94, 147, 21, '12:27', 1, 115, 147),
(95, 147, 21, '13:27', 1, 115, 147),
(96, 147, 21, '14:00', 1, 115, 147),
(97, 147, 21, '15:27', 1, 115, 147),
(98, 147, 21, '17:15', 1, 115, 147);

-- --------------------------------------------------------

--
-- Structure de la table `lines`
--

CREATE TABLE `lines` (
  `id` int(11) NOT NULL,
  `name` varchar(45) DEFAULT NULL
) ENGINE=InnoDB DEFAULT CHARSET=latin1;

--
-- Contenu de la table `lines`
--

INSERT INTO `lines` (`id`, `name`) VALUES
(1, 'Ligne 1'),
(2, 'Ligne 2'),
(3, 'Ligne 3'),
(4, 'Ligne 4'),
(6, 'Ligne 6'),
(7, 'Ligne 7'),
(21, 'Ligne 21'),
(50, 'Ligne 5A'),
(51, 'Ligne 5B');

-- --------------------------------------------------------

--
-- Structure de la table `stops`
--

CREATE TABLE `stops` (
  `id` int(11) NOT NULL,
  `name` varchar(45) DEFAULT NULL,
  `description` varchar(45) DEFAULT NULL,
  `latitude` double DEFAULT NULL,
  `longitude` double DEFAULT NULL
) ENGINE=InnoDB DEFAULT CHARSET=latin1;

--
-- Contenu de la table `stops`
--

INSERT INTO `stops` (`id`, `name`, `description`, `latitude`, `longitude`) VALUES
(1, 'Baudin', '', 46.200648, 5.218698),
(2, 'Abbe Gringoz', '', 46.2022305492, 5.24691581726),
(3, 'Aeroplanes', '', 46.1907345347, 5.23575782776),
(4, 'Alagnier', '', 46.1941806209, 5.27287960052),
(5, 'Alimentec', '', 46.2153871175, 5.24399757385),
(7, 'Mas', '', 46.2044581808, 5.21408557892),
(8, 'Arbelles', '', 46.194951, 5.234349),
(9, 'Avant RP Fleyriat', '', 46.228017, 5.203613),
(10, 'Macon', '', 46.2102792982, 5.21923542023),
(11, 'Bastion', '', 46.2064481219, 5.22339820862),
(12, 'Baudieres', '', 46.2045175831, 5.23962020874),
(13, 'Beau Site', '', 46.2112296261, 5.24807453156),
(14, 'Bellevue', '', 46.1820589473, 5.20507335663),
(15, 'Berlioz', '', 46.222447, 5.230978),
(16, 'Berthelot', '', 46.1936458975, 5.21382808685),
(17, 'Bichat Hotel de Ville', '', 46.2060620196, 5.2246427536),
(18, 'Blanchisseries', '', 46.2119126642, 5.22322654724),
(19, 'Bons Enfants', '', 46.2050522006, 5.22932052612),
(20, 'Boule', '', 46.2172281917, 5.22000789642),
(21, 'Bourg Lycees', '', 46.1982799937, 5.22579610348),
(22, 'Bouvard', '', 46.1915069521, 5.20756244659),
(23, 'Bouvent Plage', '', 46.1922199431, 5.25648593903),
(24, 'Bouvreuils', '', 46.1959035829, 5.20352840424),
(25, 'Buidon', '', 46.2277983263, 5.22773265839),
(26, 'Cables de Lyon', '', 46.2068639214, 5.21168231964),
(27, 'Cadalles', '', 46.2139320313, 5.19752025604),
(28, 'Calidon', '', 46.2139023353, 5.20610332489),
(29, 'Canal', '', 46.2136944626, 5.22747516632),
(30, 'Carre Amiot (Quai 4 Sept)', '', 46.207505, 5.228209),
(31, 'Castel', '', 46.2320139359, 5.22953510284),
(32, 'Cedraie', '', 46.1910019111, 5.23906230927),
(33, 'Centre Commercial', '', 46.1793846888, 5.20305633545),
(34, 'Centre Nautique', '', 46.2094477478, 5.23807525635),
(35, 'Chalandre', '', 46.2077252104, 5.1978635788),
(36, 'Chambiere Hotels', '', 46.2217118401, 5.20515918732),
(37, 'Chambiere Nord', '', 46.2232261021, 5.20451545715),
(38, 'Champ de Foire', '', 46.2070124205, 5.23043632507),
(39, 'Champagne', '', 46.242788987, 5.22296905518),
(40, 'Charite', '', 46.2077252104, 5.22030830383),
(41, 'Jarrin', '', 46.2075173143, 5.21644592285),
(42, 'Charles Robin', '', 46.2061511204, 5.23193836212),
(43, 'Charmettes', '', 46.1936458975, 5.23936271667),
(44, 'Charpine', '', 46.2007157081, 5.20258426666),
(45, 'Chartreuse', '', 46.1852678857, 5.22794723511),
(46, 'Chateau', '', 46.2486060413, 5.21889209747),
(47, 'Chenaie', '', 46.1781960878, 5.20709037781),
(48, 'Chevrier', '', 46.2155355936, 5.23438453674),
(49, 'Cimetiere', '', 46.2143477742, 5.23481369019),
(50, 'Citadelle', '', 46.2031513145, 5.21498680115),
(51, 'Cite des Seniors', '', 46.2564106094, 5.21614551544),
(52, 'Clinique Convert', '', 46.211407, 5.254146),
(53, 'Cordier', '', 46.2041314671, 5.23747444153),
(54, 'Cotes', '', 46.1907642432, 5.20683288574),
(55, 'CPA', '', 46.2281248992, 5.23043632507),
(56, 'Crepignat', '', 46.242318, 5.190293),
(57, 'Croix Blanche', '', 46.2033295254, 5.24339675903),
(58, 'Crouy', '', 46.1955174065, 5.22322654724),
(59, 'Curtafray', '', 46.1976561958, 5.26167869568),
(60, 'Cuvier', '', 46.219037, 5.22784),
(62, 'Depot TUB', '', 46.2235527022, 5.22189617157),
(63, 'Devorah', '', 46.2079405305, 5.25817573071),
(64, 'Dimes', '', 46.2075173143, 5.24335384369),
(65, 'Ecluses', '', 46.218537, 5.214935),
(66, 'Monastere de Brou', '', 46.1978641293, 5.23528575897),
(67, 'Emile Huchet', '', 46.1956659362, 5.22537231445),
(68, 'EREA La Chagne', '', 46.204803, 5.272024),
(69, 'Europe', '', 46.207695511, 5.2351140976),
(70, 'Feuilles Vertes', '', 46.2385148397, 5.22880554199),
(71, 'Fleches', '', 46.1998840129, 5.19043922424),
(72, 'Fleyriat RN', '', 46.2218306072, 5.20923614502),
(73, 'Fleyriat Tennis', '', 46.233818, 5.205471),
(74, 'Fontanettes', '', 46.2025869763, 5.23142337799),
(75, 'Fort', '', 46.218663, 5.211855),
(76, 'Arago', '', 46.2277389492, 5.22382736206),
(77, 'Mistral', '', 46.1963194623, 5.26605606079),
(78, 'Fruitiere', '', 46.2006860049, 5.19812107086),
(79, 'Voisin', '', 46.2057650159, 5.21331310272),
(80, 'Vicaire', '', 46.2079034064, 5.22442817688),
(81, 'Gare SNCF', '', 46.1998246056, 5.21563053131),
(82, 'Gay-Lussac', '', 46.219254, 5.209567),
(83, 'Geliere', '', 46.2449259358, 5.21893501282),
(84, 'Gendarmerie', '', 46.2123878161, 5.2410364151),
(86, 'Girolles', '', 46.1896055974, 5.24820327759),
(87, 'Grand Challes', '', 46.2181190119, 5.23584365845),
(88, 'Grange Maman', '', 46.2002701587, 5.19425868988),
(89, 'Grange Rollet', '', 46.2215336888, 5.23382663727),
(90, 'Granges Bardes', '', 46.2164264412, 5.2391910553),
(91, 'Granges Bonnet', '', 46.1878824378, 5.20949363709),
(92, 'Graves', '', 46.1992602332, 5.23412704468),
(93, 'Henri Dunant', '', 46.2118829671, 5.23013591766),
(94, 'Hopital Fleyriat', '', 46.2226025875, 5.20945072174),
(95, 'Hortensias', '', 46.2163076624, 5.2100944519),
(96, 'Hotel Dieu', '', 46.2007157081, 5.23292541504),
(97, 'Hotel de Ville', '', 46.2049036963, 5.22644519806),
(98, 'Joliot Curie', '', 46.2087943779, 5.23374080658),
(99, 'Rousseau', '', 46.1877635972, 5.22584438324),
(100, 'Jayr', '', 46.2513659585, 5.21803379059),
(101, 'Jean Moulin', '', 46.209922921, 5.23013591766),
(102, 'Jean-Marie Verne', '', 46.1978344245, 5.22575855255),
(103, 'Ferry', '', 46.1957847597, 5.22039413452),
(104, 'Jura', '', 46.2054383101, 5.23653030396),
(105, 'La Bruyere', '', 46.1901997778, 5.22623062134),
(106, 'Butte', '', 46.1851193279, 5.23966312408),
(107, 'Perrinche', '', 46.2359620652, 5.22846221924),
(108, 'Viriat Vernee', '', 46.240651955, 5.22635936737),
(109, 'Laiterie', '', 46.2145853401, 5.22459983826),
(110, 'Lazaristes', '', 46.2060620196, 5.20670413971),
(111, 'Clos', '', 46.1988443762, 5.21052360535),
(112, 'Le Coteau', '', 46.2141102072, 5.21395683289),
(113, 'Plan', '', 46.219039511, 5.24940490723),
(114, 'Leclanche', '', 46.2159216293, 5.2067899704),
(115, 'Sources', '', 46.196728, 5.247291),
(116, 'Liavoles', '', 46.2255122618, 5.2171754837),
(117, 'Liberation', '', 46.1999137165, 5.21850585938),
(118, 'Lilas', '', 46.2042799736, 5.20936489105),
(119, 'Loeze', '', 46.1987849678, 5.25807380676),
(120, 'Lycee Agricole', '', 46.2116156922, 5.25695800781),
(121, 'Maginot', '', 46.2087052814, 5.2276468277),
(122, 'Mail', '', 46.2020523348, 5.21185398102),
(123, 'Majornas', '', 46.227293619, 5.21906375885),
(124, 'Maquis', '', 46.206002619, 5.2343416214),
(125, 'Seguin', '', 46.2146150358, 5.22103786469),
(126, 'Marcelle Parde', '', 46.2017553094, 5.22146701813),
(127, 'Mediatheque', '', 46.2018147146, 5.24185180664),
(128, 'Miche', '', 46.220910155, 5.22743225098),
(129, 'Moliere', '', 46.1901106511, 5.23301124573),
(130, 'Montholon', '', 46.1946856326, 5.21000862122),
(131, 'Moulin de Rozieres', '', 46.2116750867, 5.22756099701),
(132, 'Narcisses', '', 46.1912989946, 5.24605751038),
(133, 'Neuve', '', 46.2156840692, 5.21451473236),
(134, 'Norelan', '', 46.2210586161, 5.24468421936),
(135, 'Observatoire', '', 46.2025572741, 5.21678924561),
(136, 'Ormeaux', '', 46.1864860448, 5.24155139923),
(137, 'Oures', '', 46.213844, 5.199946),
(138, 'Oyards', '', 46.223465, 5.23207),
(139, 'Pagneux', '', 46.1902294866, 5.20992279053),
(140, 'Paquerettes', '', 46.2171391089, 5.22678852081),
(141, 'Parc', '', 46.2134865891, 5.2164888382),
(143, 'Parme', '', 46.2163076624, 5.24562835693),
(144, 'Pascal', '', 46.1935270694, 5.2041721344),
(145, 'Valery', '', 46.1952203458, 5.22902011871),
(146, 'Peloux', '', 46.1970323909, 5.21472930908),
(147, 'Peloux Gare', '', 46.1995869758, 5.21365642548),
(148, 'Pennessuy', '', 46.1999434201, 5.25434017181),
(150, 'Peronnas Mairie', '', 46.1797189782, 5.20317971706),
(151, 'Labalme', '', 46.2004186756, 5.22532939911),
(152, 'Petit Challes', '', 46.2083340444, 5.24386078119),
(153, 'Petit Montholon', '', 46.2018444172, 5.20739078522),
(154, 'Petites Vennes', '', 46.1887143147, 5.23794651031),
(155, 'Picasso', '', 46.2014582825, 5.24949073791),
(156, 'Place Carriat', '', 46.206477822, 5.22730350494),
(157, 'Platanes', '', 46.1932894124, 5.2402639389),
(158, 'Plein Soleil', '', 46.1953094642, 5.22670269012),
(159, 'PN Chambiere Sud', '', 46.211348416, 5.21146774292),
(160, 'Pont des Chevres', '', 46.2122393316, 5.22181034088),
(161, 'Pre Neuf', '', 46.208497389, 5.24043560028),
(162, 'Prefecture', '', 46.202992, 5.222344),
(163, 'Prefecture Ain', '', 46.2019632273, 5.22086620331),
(164, 'Prevert', '', 46.2017553094, 5.19477367401),
(165, 'Printemps', '', 46.2011612539, 5.20297050476),
(166, 'Providence', '', 46.197626491, 5.23970603943),
(167, 'Quai Groboz', '', 46.2057353155, 5.23043632507),
(168, 'Revermont', '', 46.2112296261, 5.24382591248),
(169, 'Reyssouze', '', 46.2155058984, 5.21627426147),
(170, 'Schuman', '', 46.2127144806, 5.23202419281),
(171, 'Roland Garros', '', 46.1932894124, 5.20713329315),
(172, 'Saint-Denis Centre', '', 46.2027057848, 5.19181251526),
(173, 'Saint-Denis College', '', 46.2034483323, 5.19520282745),
(174, 'Saint-Denis Mairie', '', 46.2019038223, 5.18979549408),
(175, 'Saint-Nicolas', '', 46.2040423631, 5.23519992828),
(176, 'Saint-Roch', '', 46.1937647254, 5.22507190704),
(177, 'Sardieres Clinique', '', 46.211407, 5.254146),
(178, 'Schweitzer', '', 46.2085864858, 5.22065162659),
(179, 'Seillon CFA', '', 46.1871693905, 5.23017883301),
(180, 'Semailles', '', 46.2104574859, 5.19807815552),
(181, 'Semard Gare', '', 46.199532, 5.2156766),
(182, 'Semard Jaures', '', 46.1970026857, 5.21644592285),
(183, 'Vennes Stade', '', 46.1869911272, 5.2369594574),
(184, 'Stade Deguin', '', 46.2078143085, 5.26549816132),
(185, 'Stand', '', 46.1918040328, 5.23241043091),
(186, 'Teyssonniere', '', 46.1963788733, 5.21039485931),
(187, 'College Riboud', '', 46.1937350184, 5.23047924042),
(188, 'Tilleuls', '', 46.2183565616, 5.2339553833),
(189, 'Ferret', '', 46.1968838648, 5.2361869812),
(190, 'Tulipes', '', 46.2048442944, 5.21112442017),
(191, 'Tyrandes', '', 46.1851193279, 5.20743370056),
(192, 'Valvert', '', 46.2220681408, 5.21605968475),
(193, 'Vareys', '', 46.221963, 5.209019),
(194, 'Vennes', '', 46.1884172173, 5.22691726685),
(195, 'Vercherolles', '', 46.236476, 5.18608),
(196, 'Verlaine', '', 46.1847182197, 5.22725254297),
(197, 'Victoire Gare', '', 46.201699617, 5.2149733901),
(198, 'Vieux Chene', '', 46.1771263248, 5.20434379578),
(199, 'Viriat Carronniers', '', 46.2520484972, 5.2112531662),
(200, 'Viriat Ecoles', '', 46.2547192193, 5.21524429321),
(201, 'Viriat mairie', '', 46.253469, 5.216672),
(202, 'Viriat Salle des fetes', '', 46.2543334564, 5.21799087524),
(203, 'Viriat Village', '', 46.2529684273, 5.21644592285),
(204, 'Vivaldi', '', 46.1982799937, 5.20331382751),
(205, 'Voltaire', '', 46.2006563017, 5.2205657959),
(206, 'ZA Les Bruyeres', '', 46.1705884325, 5.19799232483),
(207, 'ZA Monternoz', '', 46.1715691659, 5.19704818726),
(208, 'Carre Amiot (Maginot)', '', 46.207682, 5.227612),
(209, 'Ainterexpo', '', 46.188391, 5.245854);

-- --------------------------------------------------------

--
-- Structure de la table `users`
--

CREATE TABLE `users` (
  `id` int(11) UNSIGNED NOT NULL,
  `first_name` varchar(45) DEFAULT NULL,
  `last_name` varchar(45) DEFAULT NULL,
  `login` varchar(45) DEFAULT NULL,
  `password` varchar(45) DEFAULT NULL
) ENGINE=InnoDB DEFAULT CHARSET=latin1;

--
-- Contenu de la table `users`
--

INSERT INTO `users` (`id`, `first_name`, `last_name`, `login`, `password`) VALUES
(23, 'test', 'test', 'test', 'test');

--
-- Index pour les tables exportées
--

--
-- Index pour la table `hours`
--
ALTER TABLE `hours`
  ADD PRIMARY KEY (`id`),
  ADD KEY `fk_stop_idx` (`id_stop`),
  ADD KEY `fk_line_idx` (`id_line`);

--
-- Index pour la table `lines`
--
ALTER TABLE `lines`
  ADD PRIMARY KEY (`id`);

--
-- Index pour la table `stops`
--
ALTER TABLE `stops`
  ADD PRIMARY KEY (`id`);

--
-- Index pour la table `users`
--
ALTER TABLE `users`
  ADD PRIMARY KEY (`id`);

--
-- AUTO_INCREMENT pour les tables exportées
--

--
-- AUTO_INCREMENT pour la table `hours`
--
ALTER TABLE `hours`
  MODIFY `id` int(11) NOT NULL AUTO_INCREMENT, AUTO_INCREMENT=99;
--
-- AUTO_INCREMENT pour la table `stops`
--
ALTER TABLE `stops`
  MODIFY `id` int(11) NOT NULL AUTO_INCREMENT, AUTO_INCREMENT=210;
--
-- AUTO_INCREMENT pour la table `users`
--
ALTER TABLE `users`
  MODIFY `id` int(11) UNSIGNED NOT NULL AUTO_INCREMENT, AUTO_INCREMENT=24;
--
-- Contraintes pour les tables exportées
--

--
-- Contraintes pour la table `hours`
--
ALTER TABLE `hours`
  ADD CONSTRAINT `fk_line` FOREIGN KEY (`id_line`) REFERENCES `lines` (`id`) ON DELETE NO ACTION ON UPDATE NO ACTION,
  ADD CONSTRAINT `fk_stop` FOREIGN KEY (`id_stop`) REFERENCES `stops` (`id`) ON DELETE NO ACTION ON UPDATE NO ACTION;

/*!40101 SET CHARACTER_SET_CLIENT=@OLD_CHARACTER_SET_CLIENT */;
/*!40101 SET CHARACTER_SET_RESULTS=@OLD_CHARACTER_SET_RESULTS */;
/*!40101 SET COLLATION_CONNECTION=@OLD_COLLATION_CONNECTION */;
